,world,bridge,bush,reward,pRot,max_pbait,min_pbait,pDecay,pStep,trialNum,trialStartTimeAbs,trialStart,clientTrialStart,trialEnd,goCueTime,choice,choiceTime,side,actBait_1,actBait_2,actRot_1,actRot_2,baited_1,baited_2,pBait_1,pBait_2,trialStart_C,clientTrialStart_C,postITI,postITI_C,goCueTime_C,choiceTime_2,postChoiceTimeMin,postChoiceTimeMin_C,trialEnd_C,trialStart_s,goCueTime_s,choiceTime_s,postChoiceTimeMin_s,trialEnd_s,rewardCue_s,len_begin_choice_s,len_choice_reward_s,len_reward_end_s,stay_hit,stay_miss,switch,stay_hit_prior,stay_miss_prior,switch_prior
0,2,1,0,0,0.1,0.32,0,0.97,0.02,1,1555984134697,0,60,5254,97,choseSwitch,526,left,0,0,0,0,0,0,0.16,0.16,0,54,95,88,91,521,4228,4225,5249,0.0,0.097,0.526,4.228,5.254,3.226,0.526,2.7,2.0279999999999996,0,0,1,0,0,0
1,1,0,1,0,0.1,0.32,0,0.97,0.02,2,1555984139958,5260,5328,11839,5361,choseTrap,6872,left,0,0,0,0,0,0,0.2143247516131096,0.1056752483868904,0,64,5355,91,94,1608,10576,5312,6574,5.26,5.361,6.872,10.576,11.839,9.572,1.612,2.6999999999999993,2.2670000000000012,0,1,0,0,0,1
2,1,1,0,0,0.1,0.32,0,0.97,0.02,3,1555984146542,11845,11913,16963,11942,choseSwitch,13168,right,0,0,0,0,0,0,0.2301295080582732,0.0898704919417268,0,63,91,11938,89,1320,16872,5024,5114,11.845,11.942,13.168,16.872,16.963,15.867999999999999,1.3229999999999986,2.6999999999999993,1.0950000000000024,0,0,1,0,1,0
3,2,0,2,2,0.1,0.32,0,0.97,0.02,4,1555984151666,16968,17031,22759,17066,choseTrap,17933,right,0,1,0,0,0,1,0.23171853299750034,0.08828146700249967,0,58,17060,88,90,960,21640,4668,5787,16.968,17.066,17.933,21.64,22.759,20.633,0.9649999999999999,2.6999999999999993,2.1260000000000012,1,0,0,0,0,1
4,2,0,2,0,0.1,0.32,0,0.97,0.02,5,1555984157465,22767,22839,28042,22872,choseTrap,23380,right,0,0,0,0,0,0,0.20659895486153948,0.11340104513846053,0,66,22867,97,99,608,27081,4311,5271,22.767,22.872,23.38,27.081,28.042,26.08,0.6129999999999995,2.6999999999999993,1.9620000000000033,0,1,0,1,0,0
5,2,0,2,0,0.1,0.32,0,0.97,0.02,6,1555984162748,28050,28116,33088,28146,choseTrap,28645,right,0,0,0,0,0,0,0.19075037241012954,0.12924962758987046,0,61,28143,88,91,589,32349,4293,5035,28.05,28.146,28.645,32.349,33.088,31.345,0.5949999999999989,2.6999999999999993,1.743000000000002,0,1,0,0,1,0
6,2,1,0,0,0.1,0.32,0,0.97,0.02,7,1555984167793,33095,33168,38381,33207,choseSwitch,33597,left,0,0,0,0,0,0,0.1784008834588503,0.1415991165411497,0,68,33201,103,105,498,37293,4194,5282,33.095,33.207,33.597,37.293,38.381,36.297000000000004,0.5020000000000024,2.700000000000003,2.083999999999996,0,0,1,0,1,0
7,1,0,1,0,0.1,0.32,0,0.97,0.02,8,1555984173084,38387,38450,42746,38477,choseTrap,38986,left,0,0,0,0,0,0,0.19034933055735986,0.12965066944264014,0,59,38473,82,84,593,42682,4291,4355,38.387,38.477,38.986,42.682,42.746,41.686,0.5989999999999966,2.700000000000003,1.0600000000000023,0,1,0,0,0,1
8,1,1,0,0,0.1,0.32,0,0.97,0.02,9,1555984177452,42755,42821,48110,42855,choseSwitch,43569,right,0,0,0,0,0,0,0.16459191767851244,0.15540808232148756,0,61,42850,91,93,810,47269,4510,5351,42.755,42.855,43.569,47.269,48.11,46.269000000000005,0.8140000000000001,2.700000000000003,1.840999999999994,0,0,1,0,1,0
9,2,0,2,0,0.1,0.32,0,0.97,0.02,10,1555984182814,48117,48183,52979,48217,choseTrap,49194,right,0,0,0,0,0,0,0.1815821972186886,0.1384178027813114,0,62,48212,91,94,1071,52894,4773,4858,48.117,48.217,49.194,52.894,52.979,51.894000000000005,1.0770000000000053,2.700000000000003,1.0849999999999937,0,1,0,0,0,1
10,2,0,2,0,0.1,0.32,0,0.97,0.02,11,1555984187684,52987,53053,58181,53087,choseTrap,53478,right,0,0,0,0,0,0,0.17804213355548615,0.14195786644451386,0,61,53082,91,93,486,57182,4191,5190,52.987,53.087,53.478,57.182,58.181,56.178000000000004,0.49099999999999966,2.700000000000003,2.002999999999993,0,1,0,0,1,0
11,2,1,0,0,0.1,0.32,0,0.97,0.02,12,1555984192886,58189,58253,62433,58281,choseSwitch,58671,left,0,0,0,0,0,0,0.17600965818448755,0.14399034181551246,0,59,58278,85,87,478,62374,4180,4240,58.189,58.281,58.671,62.374,62.433,61.371,0.4819999999999993,2.700000000000003,1.0619999999999976,0,0,1,0,1,0
12,1,0,1,1,0.1,0.32,0,0.97,0.02,13,1555984197138,62441,62516,67418,62551,choseTrap,63498,left,1,0,0,0,1,0,0.1499320324052503,0.1700679675947497,0,69,62549,104,106,1053,67202,4757,4973,62.441,62.551,63.498,67.202,67.418,66.198,1.056999999999995,2.6999999999999957,1.220000000000013,1,0,0,0,0,1
13,1,0,1,0,0.1,0.32,0,0.97,0.02,14,1555984202123,67426,67490,72921,67519,choseTrap,68003,left,0,0,0,0,0,0,0.1560686992812399,0.1639313007187601,0,60,67517,86,88,572,71704,4274,5489,67.426,67.519,68.003,71.704,72.921,70.703,0.5769999999999982,2.700000000000003,2.2180000000000035,0,1,0,1,0,0
14,1,0,1,0,0.1,0.32,0,0.97,0.02,15,1555984207626,72928,72999,77878,73039,choseTrap,73678,left,0,0,0,0,0,0,0.16612413923893327,0.15387586076106674,0,65,73030,99,102,746,77384,4453,4946,72.928,73.039,73.678,77.384,77.878,76.378,0.75,2.700000000000003,1.5,0,1,0,0,1,0
15,1,1,0,0,0.1,0.32,0,0.97,0.02,16,1555984212582,77884,77943,83057,77973,choseSwitch,78571,right,0,1,0,0,0,1,0.18988305438574066,0.13011694561425935,0,54,77970,81,83,683,82275,4386,5169,77.884,77.973,78.571,82.275,83.057,81.271,0.6869999999999976,2.700000000000003,1.7860000000000014,0,0,1,0,1,0
16,2,0,2,2,0.1,0.32,0,0.97,0.02,17,1555984217760,83063,83127,87604,83170,choseTrap,83740,right,1,0,0,0,1,1,0.20163886611501775,0.11836113388498225,0,59,83162,96,104,674,87441,4375,4538,83.063,83.17,83.74,87.441,87.604,86.44,0.6769999999999925,2.700000000000003,1.1640000000000015,1,0,0,0,0,1
17,2,0,2,0,0.1,0.32,0,0.97,0.02,18,1555984222306,87609,87657,91955,87686,choseTrap,88052,right,0,0,0,0,1,0,0.19280313403014576,0.12719686596985424,0,44,70,87685,69,440,91753,4142,4343,87.609,87.686,88.052,91.753,91.955,90.75200000000001,0.44300000000001205,2.700000000000003,1.2029999999999887,0,1,0,1,0,0
18,2,0,2,0,0.1,0.32,0,0.97,0.02,19,1555984226658,91960,92012,96017,92039,choseTrap,92188,right,0,0,0,0,1,0,0.17869597808998305,0.14130402191001695,0,48,92037,72,74,225,95890,3927,4055,91.96,92.039,92.188,95.89,96.017,94.888,0.22800000000000864,2.700000000000003,1.1289999999999907,0,1,0,0,1,0
19,2,1,0,0,0.1,0.32,0,0.97,0.02,20,1555984230722,96024,96080,100494,96110,choseSwitch,96511,left,0,0,0,0,1,0,0.15761837288079528,0.16238162711920473,0,52,81,96107,79,484,100217,4190,4467,96.024,96.11,96.511,100.217,100.494,99.211,0.48699999999999477,2.700000000000003,1.2830000000000013,0,0,1,0,1,0
20,1,0,1,1,0.1,0.32,0,0.97,0.02,21,1555984235195,100498,100544,106160,100571,choseTrap,101164,left,0,0,0,0,1,0,0.1335029844691233,0.18649701553087672,0,42,100568,66,68,662,104868,4365,5658,100.498,100.571,101.164,104.868,106.16,103.864,0.6659999999999968,2.700000000000003,2.2959999999999923,1,0,0,0,0,1
21,1,0,1,0,0.1,0.32,0,0.97,0.02,22,1555984240864,106166,106234,110725,106262,choseTrap,106740,left,0,0,0,0,0,0,0.12568487188595495,0.19431512811404505,0,63,106257,88,90,569,110444,4275,4555,106.166,106.262,106.74,110.444,110.725,109.44,0.5739999999999981,2.700000000000003,1.2849999999999966,0,1,0,1,0,0
22,1,0,1,0,0.1,0.32,0,0.97,0.02,23,1555984245428,110731,110794,116235,110825,choseTrap,111353,left,0,0,0,0,0,0,0.13219339899020746,0.18780660100979255,0,58,110821,86,89,618,115058,4322,5499,110.731,110.825,111.353,115.058,116.235,114.053,0.6219999999999999,2.700000000000003,2.182000000000002,0,1,0,0,1,0
23,1,1,0,0,0.1,0.32,0,0.97,0.02,24,1555984250940,116243,116313,120701,116346,choseSwitch,116729,right,0,0,0,0,0,0,0.14280394853275452,0.17719605146724549,0,64,116344,97,99,482,120433,4186,4455,116.243,116.346,116.729,120.433,120.701,119.429,0.4860000000000042,2.700000000000003,1.2719999999999914,0,0,1,0,1,0
24,2,0,2,2,0.1,0.32,0,0.97,0.02,25,1555984255405,120707,120774,126131,120801,choseTrap,121299,right,0,1,0,0,0,1,0.12597820335592058,0.19402179664407945,0,63,120797,87,88,587,125003,4291,5418,120.707,120.801,121.299,125.003,126.131,123.99900000000001,0.592000000000013,2.700000000000003,2.131999999999991,1,0,0,0,0,1
25,2,0,2,0,0.1,0.32,0,0.97,0.02,26,1555984260834,126137,126207,130626,126247,choseTrap,126784,right,0,0,0,0,0,0,0.09590034626125464,0.22409965373874535,0,63,126238,97,99,644,130489,4348,4485,126.137,126.247,126.784,130.489,130.626,129.484,0.6470000000000056,2.700000000000003,1.141999999999996,0,1,0,1,0,0
26,2,0,2,2,0.1,0.32,0,0.97,0.02,27,1555984265330,130632,130696,134964,130726,choseTrap,131114,right,1,1,0,0,1,1,0.06878292715803605,0.25121707284196393,0,59,87,130721,84,477,134818,4182,4328,130.632,130.726,131.114,134.818,134.964,133.814,0.4819999999999993,2.6999999999999886,1.1500000000000057,1,0,0,0,1,0
27,2,0,2,0,0.1,0.32,0,0.97,0.02,28,1555984269669,134972,135036,139528,135063,choseTrap,135457,right,0,0,0,0,1,0,0.009789618153256352,0.31021038184674365,0,59,135061,85,87,480,139159,4183,4552,134.972,135.063,135.457,139.159,139.528,138.15699999999998,0.4849999999999852,2.6999999999999886,1.3710000000000093,0,1,0,1,0,0
28,2,0,2,0,0.1,0.32,0,0.97,0.02,29,1555984274234,139537,139605,144145,139640,choseTrap,139765,right,0,0,0,0,1,0,0.03253509315875777,0.28746490684124226,0,64,139636,95,97,223,143467,3927,4605,139.537,139.64,139.765,143.467,144.145,142.46499999999997,0.22799999999998022,2.6999999999999886,1.6800000000000352,0,1,0,0,1,0
29,2,1,0,0,0.1,0.32,0,0.97,0.02,30,1555984278850,144152,144213,149451,144245,choseSwitch,144611,left,0,0,0,0,1,0,0.04551516340867978,0.2744848365913202,0,57,144240,84,87,456,148317,4160,5295,144.152,144.245,144.611,148.317,149.451,147.31099999999998,0.4590000000000032,2.6999999999999886,2.140000000000015,0,0,1,0,1,0
30,1,0,1,1,0.1,0.32,0,0.97,0.02,31,1555984284154,149457,149524,154747,149554,choseTrap,150064,left,0,1,0,0,1,1,0.05112834079457042,0.2688716592054296,0,61,92,149550,89,602,153766,4305,5286,149.457,149.554,150.064,153.766,154.747,152.76399999999998,0.6069999999999993,2.6999999999999886,1.9830000000000325,1,0,0,0,0,1
31,1,0,1,0,0.1,0.32,0,0.97,0.02,32,1555984289453,154756,154820,159058,154849,choseTrap,155254,left,0,0,0,0,0,1,0.009240920286084364,0.31075907971391564,0,60,154845,84,87,493,158958,4198,4297,154.756,154.849,155.254,158.958,159.058,157.95399999999998,0.49799999999999045,2.6999999999999886,1.1040000000000134,0,1,0,1,0,0
32,1,0,1,0,0.1,0.32,0,0.97,0.02,33,1555984293762,159065,159131,163303,159162,choseTrap,159207,left,0,0,0,0,0,1,0.02889583139320745,0.29110416860679256,0,61,91,159158,89,138,162911,3841,4235,159.065,159.162,159.207,162.911,163.303,161.90699999999998,0.1419999999999959,2.6999999999999886,1.396000000000015,0,1,0,0,1,0
33,1,1,0,0,0.1,0.32,0,0.97,0.02,34,1555984298006,163309,163370,168296,163400,choseSwitch,163834,right,0,0,0,0,0,1,0.02268544477977369,0.2973145552202263,0,57,163397,83,85,521,167538,4225,4983,163.309,163.4,163.834,167.538,168.296,166.534,0.5250000000000057,2.6999999999999886,1.7620000000000005,0,0,1,0,1,0
34,2,0,2,2,0.1,0.32,0,0.97,0.02,35,1555984303000,168303,168367,173149,168399,choseTrap,168972,right,0,0,0,0,0,1,0.04079968991393214,0.2792003100860679,0,59,168394,87,89,664,172681,4374,4842,168.303,168.399,168.972,172.681,173.149,171.672,0.6690000000000111,2.6999999999999886,1.4770000000000039,1,0,0,0,0,1
35,2,0,2,0,0.1,0.32,0,0.97,0.02,36,1555984307854,173156,173217,178046,173244,choseTrap,173733,right,0,0,0,0,0,0,0.046691949004233804,0.2733080509957662,0,58,83,173242,81,573,177435,4275,4887,173.156,173.244,173.733,177.435,178.046,176.433,0.5769999999999982,2.6999999999999886,1.6129999999999995,0,1,0,1,0,0
36,2,0,2,2,0.1,0.32,0,0.97,0.02,37,1555984312750,178052,178121,182996,178154,choseTrap,178589,right,0,1,0,0,0,1,0.09090077768505707,0.2290992223149429,0,64,178149,93,95,534,182292,4236,4941,178.052,178.154,178.589,182.292,182.996,181.289,0.5370000000000061,2.6999999999999886,1.707000000000022,1,0,0,0,1,0
37,2,0,2,0,0.1,0.32,0,0.97,0.02,38,1555984317700,183002,183064,187455,183093,choseTrap,183213,right,0,0,0,0,0,0,0.08441878398575169,0.2355812160142483,0,57,183090,84,86,207,186917,3911,4449,183.002,183.093,183.213,186.917,187.455,185.91299999999998,0.2109999999999843,2.6999999999999886,1.54200000000003,0,1,0,1,0,0
38,2,1,0,0,0.1,0.32,0,0.97,0.02,39,1555984322160,187462,187525,192365,187551,choseSwitch,188308,left,0,0,0,0,0,0,0.11346354448543275,0.20653645551456729,0,58,187548,82,84,842,192011,4545,4899,187.462,187.551,188.308,192.011,192.365,191.00799999999998,0.8460000000000036,2.6999999999999886,1.3570000000000277,0,0,1,0,1,0
39,1,0,1,0,0.1,0.32,0,0.97,0.02,40,1555984327068,192371,192435,197503,192464,choseTrap,192773,left,0,0,0,0,0,0,0.109700005188334,0.210299994811666,0,60,86,192459,84,397,196476,4100,5128,192.371,192.464,192.773,196.476,197.503,195.47299999999998,0.4019999999999868,2.6999999999999886,2.030000000000001,0,1,0,0,0,1
40,1,0,1,1,0.1,0.32,0,0.97,0.02,41,1555984332206,197509,197573,201911,197612,choseTrap,198151,left,1,0,0,0,1,0,0.1103981188034444,0.2096018811965556,0,58,197605,92,95,637,201852,4340,4399,197.509,197.612,198.151,201.852,201.911,200.851,0.6420000000000243,2.6999999999999886,1.0600000000000023,1,0,0,0,1,0
41,1,0,1,0,0.1,0.32,0,0.97,0.02,42,1555984336616,201919,201982,207332,202007,choseTrap,202576,left,0,0,0,0,0,0,0.1509526202627585,0.16904737973724152,0,57,202005,81,83,652,206279,4356,5409,201.919,202.007,202.576,206.279,207.332,205.27599999999998,0.6569999999999823,2.6999999999999886,2.0560000000000116,0,1,0,1,0,0
42,1,0,1,0,0.1,0.32,0,0.97,0.02,43,1555984342038,207341,207410,212209,207443,choseTrap,208315,left,0,0,0,0,0,0,0.15520272132733232,0.1647972786726677,0,63,207440,95,97,970,212017,4673,4865,207.341,207.443,208.315,212.017,212.209,211.015,0.9739999999999895,2.6999999999999886,1.1940000000000168,0,1,0,0,1,0
43,1,1,0,0,0.1,0.32,0,0.97,0.02,44,1555984346912,212215,212279,217009,212308,choseSwitch,212656,right,0,0,0,0,0,0,0.1862177369896678,0.13378226301033222,0,60,212305,85,87,438,216360,4141,4790,212.215,212.308,212.656,216.36,217.009,215.356,0.4410000000000025,2.6999999999999886,1.6529999999999916,0,0,1,0,1,0
44,2,0,2,0,0.1,0.32,0,0.97,0.02,45,1555984351712,217015,217081,221438,217115,choseTrap,217671,right,0,0,0,0,0,0,0.18764331444988716,0.13235668555011287,0,61,217110,91,95,652,221374,4355,4419,217.015,217.115,217.671,221.374,221.438,220.37099999999998,0.6560000000000059,2.6999999999999886,1.0670000000000073,0,1,0,0,0,1
45,2,0,2,0,0.1,0.32,0,0.97,0.02,46,1555984356142,221444,221508,226183,221536,choseTrap,221990,right,0,0,0,0,0,0,0.2067694785955832,0.11323052140441685,0,60,221533,85,87,542,225697,4247,4735,221.444,221.536,221.99,225.697,226.183,224.69,0.5460000000000207,2.6999999999999886,1.492999999999995,0,1,0,0,1,0
46,2,0,2,0,0.1,0.32,0,0.97,0.02,47,1555984360887,226190,226252,231343,226280,choseTrap,226723,right,1,0,0,0,1,0,0.2226774626114765,0.0973225373885235,0,58,226278,82,84,528,230425,4231,5149,226.19,226.28,226.723,230.425,231.343,229.423,0.5330000000000155,2.6999999999999886,1.9199999999999875,0,1,0,0,1,0
47,2,0,2,0,0.1,0.32,0,0.97,0.02,48,1555984366048,231350,231422,237077,231452,choseTrap,232229,right,0,0,0,0,1,0,0.18962567143574627,0.13037432856425374,0,67,231450,95,98,875,235932,4578,5723,231.35,231.452,232.229,235.932,237.077,234.929,0.8790000000000191,2.6999999999999886,2.147999999999996,0,1,0,0,1,0
48,2,1,0,0,0.1,0.32,0,0.97,0.02,49,1555984371779,237082,237149,242598,237179,choseSwitch,237600,left,0,0,0,0,1,0,0.18007668048225456,0.13992331951774545,0,63,237176,89,91,514,241304,4217,5511,237.082,237.179,237.6,241.304,242.598,240.29999999999998,0.5180000000000007,2.6999999999999886,2.2980000000000302,0,0,1,0,1,0
49,1,0,1,1,0.1,0.32,0,0.97,0.02,50,1555984377301,242604,242676,247449,242711,choseTrap,242820,left,0,1,0,0,1,1,0.19416225948528495,0.12583774051471502,0,66,242707,98,102,212,246521,3914,4840,242.604,242.711,242.82,246.521,247.449,245.51999999999998,0.21599999999997976,2.6999999999999886,1.9290000000000305,1,0,0,0,0,1
50,1,0,1,0,0.1,0.32,0,0.97,0.02,51,1555984382154,247457,247520,252095,247548,choseTrap,247917,left,0,0,0,0,0,1,0.20085219315351024,0.1191478068464898,0,58,247546,84,86,456,251622,4159,4634,247.457,247.548,247.917,251.622,252.095,250.617,0.46000000000000796,2.6999999999999886,1.4780000000000086,0,1,0,1,0,0
51,1,0,1,0,0.1,0.32,0,0.97,0.02,52,1555984386800,252102,252169,256567,252209,choseTrap,252586,left,0,0,0,0,0,1,0.2194896783990652,0.10051032160093484,0,60,252198,93,98,480,256288,4183,4460,252.102,252.209,252.586,256.288,256.567,255.286,0.48400000000000887,2.6999999999999886,1.281000000000006,0,1,0,0,1,0
52,1,1,0,0,0.1,0.32,0,0.97,0.02,53,1555984391270,256572,256636,261071,256664,choseSwitch,256951,right,0,0,0,0,0,1,0.219396670804786,0.10060332919521403,0,59,87,256662,85,376,260655,4079,4495,256.572,256.664,256.951,260.655,261.071,259.651,0.3790000000000191,2.6999999999999886,1.420000000000016,0,0,1,0,1,0
53,2,0,2,2,0.1,0.32,0,0.97,0.02,54,1555984395776,261079,261145,265702,261174,choseTrap,261665,right,0,0,0,0,0,1,0.210118483293228,0.10988151670677204,0,60,261168,86,88,578,265363,4280,4618,261.079,261.174,261.665,265.363,265.702,264.365,0.5860000000000127,2.6999999999999886,1.336999999999989,1,0,0,0,0,1
54,2,0,2,0,0.1,0.32,0,0.97,0.02,55,1555984400408,265710,265774,270093,265803,choseTrap,266207,right,1,0,0,0,1,0,0.2622414940403213,0.05775850595967874,0,60,265801,86,88,492,269911,4197,4379,265.71,265.803,266.207,269.911,270.093,268.907,0.4970000000000141,2.6999999999999886,1.1860000000000355,0,1,0,1,0,0
55,2,0,2,0,0.1,0.32,0,0.97,0.02,56,1555984404796,270099,270161,275797,270190,choseTrap,271167,right,0,0,0,0,1,0,0.25243834169392604,0.06756165830607402,0,58,85,270188,83,1063,274869,4766,5693,270.099,270.19,271.167,274.869,275.797,273.86699999999996,1.0679999999999836,2.6999999999999886,1.9300000000000637,0,1,0,0,1,0
56,2,1,0,0,0.1,0.32,0,0.97,0.02,57,1555984410503,275806,275873,280211,275908,choseSwitch,276273,left,0,1,0,0,1,1,0.2690197991073113,0.05098020089268868,0,61,275902,93,95,463,279977,4167,4401,275.806,275.908,276.273,279.977,280.211,278.973,0.4670000000000414,2.6999999999999886,1.2379999999999995,0,0,1,0,1,0
57,1,0,1,1,0.1,0.32,0,0.97,0.02,58,1555984414915,280217,280280,285666,280310,choseTrap,280873,left,0,0,0,0,1,1,0.25666940739369026,0.06333059260630974,0,58,280305,84,86,652,284579,4358,5444,280.217,280.31,280.873,284.579,285.666,283.573,0.6560000000000059,2.6999999999999886,2.0930000000000177,1,0,0,0,0,1
58,1,0,1,0,0.1,0.32,0,0.97,0.02,59,1555984420370,285673,285739,290425,285770,choseTrap,286154,left,0,0,0,0,0,1,0.2832743721359757,0.03672562786402428,0,61,91,285765,88,478,289857,4180,4748,285.673,285.77,286.154,289.857,290.425,288.854,0.48099999999999454,2.6999999999999886,1.5710000000000264,0,1,0,1,0,0
59,1,0,1,0,0.1,0.32,0,0.97,0.02,60,1555984425129,290431,290495,295693,290525,choseTrap,290990,left,0,0,0,0,0,1,0.24534953176956725,0.07465046823043275,0,59,290520,84,88,553,294695,4259,5257,290.431,290.525,290.99,294.695,295.693,293.69,0.5590000000000259,2.6999999999999886,2.002999999999986,0,1,0,0,1,0
60,1,1,0,0,0.1,0.32,0,0.97,0.02,61,1555984430398,295701,295772,301294,295797,choseSwitch,296472,right,0,0,0,0,0,1,0.2993516649409885,0.02064833505901154,0,66,295791,86,88,767,300178,4473,5589,295.701,295.797,296.472,300.178,301.294,299.17199999999997,0.7709999999999582,2.6999999999999886,2.122000000000014,0,0,1,0,1,0
61,2,0,2,2,0.1,0.32,0,0.97,0.02,62,1555984435996,301299,301369,306968,301391,choseTrap,302508,right,0,0,0,0,0,1,0.30348129353941994,0.016518706460580068,0,66,301388,85,87,1204,306213,4910,5664,301.299,301.391,302.508,306.213,306.968,305.20799999999997,1.2090000000000032,2.6999999999999886,1.7600000000000477,1,0,0,0,0,1
62,2,0,2,0,0.1,0.32,0,0.97,0.02,63,1555984441671,306973,307043,311724,307075,choseTrap,307117,right,1,0,0,0,1,0,0.3058672317040311,0.014132768295968934,0,64,307072,95,97,141,310821,3844,4746,306.973,307.075,307.117,310.821,311.724,309.817,0.14400000000000546,2.6999999999999886,1.9069999999999823,0,1,0,1,0,0
63,2,0,2,0,0.1,0.32,0,0.97,0.02,64,1555984446428,311731,311792,318156,311821,choseTrap,313972,right,0,0,0,0,1,0,0.29149776108265524,0.02850223891734477,0,57,311817,83,85,2236,317676,5940,6422,311.731,311.821,313.972,317.676,318.156,316.67199999999997,2.2409999999999854,2.6999999999999886,1.4840000000000373,0,1,0,0,1,0
64,2,1,0,0,0.1,0.32,0,0.97,0.02,65,1555984452860,318163,318232,323318,318265,choseSwitch,318758,left,0,0,0,0,1,0,0.27405240001094555,0.045947599989054455,0,63,318263,94,96,592,322465,4299,5151,318.163,318.265,318.758,322.465,323.318,321.45799999999997,0.5949999999999704,2.6999999999999886,1.8600000000000136,0,0,1,0,1,0
65,1,0,1,1,0.1,0.32,0,0.97,0.02,66,1555984458022,323325,323392,328012,323422,choseTrap,324004,left,0,0,0,0,1,0,0.26733933510035274,0.05266066489964727,0,62,323420,89,92,676,327706,4378,4683,323.325,323.422,324.004,327.706,328.012,326.704,0.6790000000000305,2.6999999999999886,1.3079999999999927,1,0,0,0,0,1
66,1,0,1,0,0.1,0.32,0,0.97,0.02,67,1555984462717,328020,328085,333017,328118,choseTrap,328731,left,0,0,0,0,0,0,0.2442049166237102,0.07579508337628983,0,59,328114,89,92,706,332437,4414,4994,328.02,328.118,328.731,332.437,333.017,331.431,0.7110000000000127,2.6999999999999886,1.5860000000000127,0,1,0,1,0,0
67,1,0,1,0,0.1,0.32,0,0.97,0.02,68,1555984467722,333025,333090,338394,333121,choseTrap,333595,left,0,0,0,0,0,0,0.21795325557141965,0.10204674442858036,0,61,333117,88,91,566,337302,4273,5364,333.025,333.121,333.595,337.302,338.394,336.295,0.57000000000005,2.6999999999999886,2.0989999999999895,0,1,0,0,1,0
68,1,0,1,1,0.1,0.32,0,0.97,0.02,69,1555984473097,338400,338470,343120,338508,choseTrap,338590,left,1,0,0,0,1,0,0.22862084301277275,0.09137915698722726,0,64,338503,99,102,185,342294,3889,4715,338.4,338.508,338.59,342.294,343.12,341.28999999999996,0.18999999999999773,2.6999999999999886,1.830000000000041,1,0,0,0,1,0
69,1,0,1,0,0.1,0.32,0,0.97,0.02,70,1555984477823,343125,343187,348393,343214,choseTrap,343697,left,0,0,0,0,0,0,0.2160782202941844,0.10392177970581562,0,58,343212,83,85,567,347403,4274,5263,343.125,343.214,343.697,347.403,348.393,346.397,0.5720000000000027,2.6999999999999886,1.995999999999981,0,1,0,1,0,0
70,1,1,0,0,0.1,0.32,0,0.97,0.02,71,1555984483098,348401,348470,352890,348510,choseSwitch,348860,right,0,1,0,0,0,1,0.21849133213711344,0.10150866786288656,0,64,348503,99,102,455,352563,4158,4485,348.401,348.51,348.86,352.563,352.89,351.56,0.4590000000000032,2.6999999999999886,1.329999999999984,0,0,1,0,1,0
71,2,0,2,0,0.1,0.32,0,0.97,0.02,72,1555984487594,352896,352959,358323,352987,choseTrap,353409,right,1,0,0,1,1,0,0.235653569666935,0.08434643033306499,0,59,352982,82,84,508,357112,4212,5422,352.896,352.987,353.409,357.112,358.323,356.109,0.5129999999999768,2.6999999999999886,2.2139999999999986,0,1,0,0,0,1
72,2,0,2,0,0.1,0.32,0,0.97,0.02,73,1555984493028,358331,358394,364101,358425,choseTrap,359146,right,0,0,0,0,1,0,0.2563108082316533,0.0636891917683467,0,59,358421,86,89,810,362848,4513,5766,358.331,358.425,359.146,362.848,364.101,361.846,0.8149999999999977,2.6999999999999886,2.2549999999999955,0,1,0,0,1,0
73,2,0,2,0,0.1,0.32,0,0.97,0.02,74,1555984498805,364108,364171,369594,364199,choseTrap,364822,right,0,0,0,0,1,0,0.2794251149494673,0.04057488505053269,0,58,364196,83,86,709,368526,4413,5481,364.108,364.199,364.822,368.526,369.594,367.522,0.7139999999999986,2.6999999999999886,2.0720000000000027,0,1,0,0,1,0
74,2,0,2,0,0.1,0.32,0,0.97,0.02,75,1555984504299,369601,369665,374381,369695,choseTrap,370411,right,0,0,0,0,1,0,0.2602218087503904,0.05977819124960965,0,59,369693,86,88,806,374114,4510,4776,369.601,369.695,370.411,374.114,374.381,373.111,0.8100000000000023,2.6999999999999886,1.2699999999999818,0,1,0,0,1,0
75,2,1,0,0,0.1,0.32,0,0.97,0.02,76,1555984509087,374389,374450,379148,374477,choseSwitch,375060,left,1,0,1,0,1,0,0.2442364622432736,0.0757635377567264,0,56,84,374474,82,667,378766,4373,4755,374.389,374.477,375.06,378.766,379.148,377.76,0.6709999999999923,2.6999999999999886,1.3880000000000337,0,0,1,0,1,0
76,1,0,1,1,0.1,0.32,0,0.97,0.02,77,1555984513852,379154,379220,383934,379249,choseTrap,379884,left,0,0,0,0,1,0,0.2524509966998945,0.06754900330010555,0,61,379244,86,89,725,383586,4428,4776,379.154,379.249,379.884,383.586,383.934,382.584,0.7300000000000182,2.6999999999999886,1.3500000000000227,1,0,0,0,0,1
77,1,0,1,0,0.1,0.32,0,0.97,0.02,78,1555984518638,383940,384003,388596,384032,choseTrap,384549,left,0,0,0,0,0,0,0.2394270289091324,0.08057297109086764,0,60,384030,84,87,605,388252,4307,4651,383.94,384.032,384.549,388.252,388.596,387.24899999999997,0.6089999999999804,2.6999999999999886,1.3470000000000368,0,1,0,1,0,0
78,1,0,1,1,0.1,0.32,0,0.97,0.02,79,1555984523301,388603,388668,394378,388704,choseTrap,389405,left,1,0,0,0,1,0,0.2519075270616535,0.06809247293834653,0,61,388698,91,93,796,393106,4499,5770,388.603,388.704,389.405,393.106,394.378,392.10499999999996,0.8019999999999641,2.6999999999999886,2.2730000000000246,1,0,0,0,1,0
79,1,0,1,0,0.1,0.32,0,0.97,0.02,80,1555984529080,394383,394445,399283,394476,choseTrap,395267,left,0,0,0,0,0,0,0.2203939858420012,0.0996060141579988,0,58,394474,84,86,879,398971,4583,4896,394.383,394.476,395.267,398.971,399.283,397.967,0.8840000000000146,2.6999999999999886,1.316000000000031,0,1,0,1,0,0
80,1,1,0,0,0.1,0.32,0,0.97,0.02,81,1555984533987,399289,399357,404547,399383,choseSwitch,400081,right,0,1,0,0,0,1,0.2267741603455755,0.09322583965442448,0,61,399381,87,89,788,403789,4496,5254,399.289,399.383,400.081,403.789,404.547,402.781,0.79200000000003,2.6999999999999886,1.7660000000000196,0,0,1,0,1,0
81,2,0,2,2,0.1,0.32,0,0.97,0.02,82,1555984539250,404553,404620,409864,404646,choseTrap,405544,right,0,0,0,0,0,1,0.2132532733155848,0.10674672668441523,0,62,88,404644,86,987,409247,4690,5307,404.553,404.646,405.544,409.247,409.864,408.24399999999997,0.9909999999999854,2.6999999999999886,1.6200000000000045,1,0,0,0,0,1
82,2,0,2,0,0.1,0.32,0,0.97,0.02,83,1555984544568,409871,409936,415469,409966,choseTrap,410520,right,1,0,0,0,1,0,0.20483462957387466,0.11516537042612535,0,60,409961,86,89,644,414222,4347,5594,409.871,409.966,410.52,414.222,415.469,413.21999999999997,0.6490000000000009,2.6999999999999886,2.2490000000000236,0,1,0,1,0,0
83,2,0,2,0,0.1,0.32,0,0.97,0.02,84,1555984550172,415475,415538,420771,415566,choseTrap,416167,right,1,0,1,0,1,0,0.19667308404738346,0.12332691595261658,0,58,86,415564,84,681,419866,4385,5292,415.475,415.566,416.167,419.866,420.771,418.86699999999996,0.6919999999999504,2.6999999999999886,1.9040000000000532,0,1,0,0,1,0
84,2,1,0,0,0.1,0.32,0,0.97,0.02,85,1555984555477,420780,420848,425381,420886,choseSwitch,421299,left,0,0,0,0,1,0,0.21899948101957015,0.10100051898042983,0,61,420884,98,100,514,425002,4218,4598,420.78,420.886,421.299,425.002,425.381,423.99899999999997,0.5190000000000055,2.6999999999999886,1.382000000000005,0,0,1,0,1,0
85,1,0,1,1,0.1,0.32,0,0.97,0.02,86,1555984560084,425387,425445,429940,425471,choseTrap,426036,left,0,0,0,0,1,0,0.22518110096031896,0.09481889903968103,0,53,79,425468,77,643,429739,4348,4549,425.387,425.471,426.036,429.739,429.94,428.736,0.6490000000000009,2.6999999999999886,1.2040000000000077,1,0,0,0,0,1
86,1,0,1,0,0.1,0.32,0,0.97,0.02,87,1555984564647,429950,430011,434735,430041,choseTrap,430478,left,0,0,0,0,0,0,0.20057782676834504,0.11942217323165495,0,57,430036,82,84,523,434180,4226,4782,429.95,430.041,430.478,434.18,434.735,433.178,0.52800000000002,2.6999999999999886,1.5570000000000164,0,1,0,1,0,0
87,1,0,1,0,0.1,0.32,0,0.97,0.02,88,1555984569439,434742,434807,439555,434836,choseTrap,435383,left,0,0,0,0,0,0,0.20237486094016466,0.11762513905983535,0,59,434832,86,88,636,439089,4343,4809,434.742,434.836,435.383,439.089,439.555,438.08299999999997,0.6409999999999627,2.6999999999999886,1.4720000000000368,0,1,0,0,1,0
88,1,1,0,0,0.1,0.32,0,0.97,0.02,89,1555984574263,439563,439629,444844,439658,choseSwitch,440179,right,0,0,0,0,0,0,0.1809754336025822,0.1390245663974178,0,61,439653,86,89,612,443882,4315,5277,439.563,439.658,440.179,443.882,444.844,442.87899999999996,0.6159999999999854,2.6999999999999886,1.9650000000000318,0,0,1,0,1,0
89,2,0,2,0,0.1,0.32,0,0.97,0.02,90,1555984579547,444850,444913,449465,444945,choseTrap,445666,right,0,0,0,0,0,0,0.17413127435844875,0.14586872564155126,0,59,444939,86,88,812,449368,4514,4610,444.85,444.945,445.666,449.368,449.465,448.366,0.8159999999999741,2.6999999999999886,1.0989999999999895,0,1,0,0,0,1
90,2,0,2,0,0.1,0.32,0,0.97,0.02,91,1555984584169,449471,449534,454483,449570,choseTrap,449944,right,0,0,0,0,0,0,0.18654874547123385,0.1334512545287662,0,59,449564,89,92,468,453649,4174,5007,449.471,449.57,449.944,453.649,454.483,452.644,0.4730000000000132,2.6999999999999886,1.8389999999999986,0,1,0,0,1,0
91,2,0,2,0,0.1,0.32,0,0.97,0.02,92,1555984589187,454490,454560,459841,454596,choseTrap,455064,right,0,0,0,0,0,0,0.16074097767558848,0.15925902232441153,0,63,454591,97,99,570,458768,4273,5347,454.49,454.596,455.064,458.768,459.841,457.764,0.5740000000000123,2.6999999999999886,2.076999999999998,0,1,0,0,1,0
92,2,1,0,0,0.1,0.32,0,0.97,0.02,93,1555984594546,459848,459912,464590,459940,choseSwitch,460357,left,0,0,0,0,0,0,0.17247317925921038,0.14752682074078965,0,57,459938,85,87,505,464061,4209,4738,459.848,459.94,460.357,464.061,464.59,463.057,0.5090000000000146,2.6999999999999886,1.5329999999999586,0,0,1,0,1,0
93,1,0,1,1,0.1,0.32,0,0.97,0.02,94,1555984599293,464596,464663,469832,464696,choseTrap,465208,left,1,1,0,0,1,1,0.14581236127508912,0.1741876387249109,0,62,464692,92,95,606,468908,4309,5232,464.596,464.696,465.208,468.908,469.832,467.908,0.6120000000000232,2.6999999999999886,1.9239999999999782,1,0,0,0,0,1
94,1,0,1,0,0.1,0.32,0,0.97,0.02,95,1555984604538,469841,469910,474724,469938,choseTrap,470562,left,0,0,0,1,0,0,0.11648256576396918,0.20351743423603086,0,65,469936,90,92,716,474265,4420,4879,469.841,469.938,470.562,474.265,474.724,473.262,0.7210000000000036,2.6999999999999886,1.461999999999989,0,1,0,1,0,0
95,1,0,1,0,0.1,0.32,0,0.97,0.02,96,1555984609427,474730,474797,479317,474822,choseTrap,475284,left,0,0,0,0,0,0,0.11188157171268126,0.20811842828731875,0,62,474820,86,88,550,478989,4255,4583,474.73,474.822,475.284,478.989,479.317,477.984,0.5539999999999736,2.6999999999999886,1.3330000000000268,0,1,0,0,1,0
96,1,0,1,0,0.1,0.32,0,0.97,0.02,97,1555984614021,479324,479388,483650,479418,choseTrap,479835,left,0,0,0,0,0,0,0.1212234125127758,0.1987765874872242,0,59,89,479415,87,506,483542,4214,4321,479.324,479.418,479.835,483.542,483.65,482.53499999999997,0.5109999999999673,2.6999999999999886,1.115000000000009,0,1,0,0,1,0
97,1,1,0,0,0.1,0.32,0,0.97,0.02,98,1555984618354,483657,483720,487967,483749,choseSwitch,483834,right,0,0,0,0,0,0,0.09614165774584893,0.22385834225415108,0,59,483745,85,87,173,487539,3878,4306,483.657,483.749,483.834,487.539,487.967,486.534,0.17700000000002092,2.6999999999999886,1.4329999999999927,0,0,1,0,1,0
98,2,0,2,0,0.1,0.32,0,0.97,0.02,99,1555984622670,487972,488034,492872,488065,choseTrap,488805,right,0,0,0,0,0,0,0.0567893859098222,0.2632106140901778,0,57,488060,84,86,828,492506,4531,4897,487.972,488.065,488.805,492.506,492.872,491.505,0.8330000000000268,2.6999999999999886,1.3670000000000186,0,1,0,0,0,1
99,2,0,2,0,0.1,0.32,0,0.97,0.02,100,1555984627575,492878,492941,497741,492969,choseTrap,493403,right,0,0,0,0,0,0,0.07284855272959533,0.2471514472704047,0,59,492967,84,86,520,497108,4225,4859,492.878,492.969,493.403,497.108,497.741,496.103,0.5250000000000341,2.6999999999999886,1.6379999999999768,0,1,0,0,1,0
100,2,0,2,0,0.1,0.32,0,0.97,0.02,101,1555984632447,497749,497811,502515,497839,choseTrap,498280,right,0,0,0,0,0,0,0.06703011981940421,0.2529698801805958,0,58,497834,82,84,527,501983,4231,4761,497.749,497.839,498.28,501.983,502.515,500.97999999999996,0.5309999999999491,2.6999999999999886,1.535000000000025,0,1,0,0,1,0
101,2,1,0,0,0.1,0.32,0,0.97,0.02,102,1555984637219,502521,502583,507603,502612,choseSwitch,502942,left,0,0,0,0,0,0,0.07796611376979606,0.24203388623020394,0,57,85,502610,83,418,506650,4125,5076,502.521,502.612,502.942,506.65,507.603,505.642,0.42099999999999227,2.6999999999999886,1.9610000000000127,0,0,1,0,1,0
102,1,0,1,0,0.1,0.32,0,0.97,0.02,103,1555984642304,507607,507677,512920,507714,choseTrap,508481,left,0,0,0,0,0,0,0.045629172113216813,0.2743708278867832,0,65,507709,98,100,870,512183,4573,5308,507.607,507.714,508.481,512.183,512.92,511.181,0.8739999999999668,2.6999999999999886,1.738999999999976,0,1,0,0,0,1
103,1,0,1,1,0.1,0.32,0,0.97,0.02,104,1555984647624,512927,512991,517751,513022,choseTrap,513401,left,1,0,0,0,1,0,0.026756589415439097,0.2932434105845609,0,59,513018,88,90,469,517102,4171,4819,512.927,513.022,513.401,517.102,517.751,516.101,0.4739999999999327,2.7000000000000455,1.6499999999999773,1,0,0,0,1,0
104,1,0,1,0,0.1,0.32,0,0.97,0.02,105,1555984652457,517759,517823,522578,517852,choseTrap,518426,left,0,0,0,0,0,0,0.04080761755715673,0.2791923824428433,0,59,517847,84,86,661,522127,4365,4815,517.759,517.852,518.426,522.127,522.578,521.1260000000001,0.66700000000003,2.7000000000000455,1.4519999999998845,0,1,0,1,0,0
105,1,0,1,0,0.1,0.32,0,0.97,0.02,106,1555984657281,522584,522643,528296,522675,choseTrap,523625,left,0,1,0,0,0,1,0.02880594939718986,0.2911940506028101,0,55,522671,82,84,1036,527327,4739,5708,522.584,522.675,523.625,527.327,528.296,526.325,1.0410000000000537,2.7000000000000455,1.9710000000000036,0,1,0,0,1,0
106,1,1,0,0,0.1,0.32,0,0.97,0.02,107,1555984663002,528305,528367,533395,528397,choseSwitch,529045,right,0,0,0,0,0,1,0.0502430604614534,0.2697569395385466,0,58,528392,84,86,737,532751,4443,5086,528.305,528.397,529.045,532.751,533.395,531.745,0.7400000000000091,2.7000000000000455,1.6499999999999773,0,0,1,0,1,0
107,2,0,2,0,0.1,0.32,0,0.97,0.02,108,1555984668101,533403,533469,538958,533496,choseTrap,534229,right,0,0,0,1,0,0,0.05887039483421073,0.2611296051657893,0,61,533494,87,89,821,537932,4524,5551,533.403,533.496,534.229,537.932,538.958,536.9290000000001,0.8260000000000218,2.7000000000000455,2.0289999999998827,0,1,0,0,0,1
108,2,0,2,0,0.1,0.32,0,0.97,0.02,109,1555984673662,538964,539027,543813,539059,choseTrap,539383,right,0,0,0,0,0,0,0.03179112016806937,0.28820887983193066,0,58,539056,88,90,414,543087,4119,4845,538.964,539.059,539.383,543.087,543.813,542.0830000000001,0.4189999999999827,2.7000000000000455,1.7299999999999045,0,1,0,0,1,0
109,2,1,0,0,0.1,0.32,0,0.97,0.02,110,1555984678518,543821,543883,549146,543912,choseSwitch,545225,left,0,0,0,0,0,0,0.023519296075934254,0.2964807039240658,0,58,543910,83,85,1399,548930,5104,5321,543.821,543.912,545.225,548.93,549.146,547.9250000000001,1.4039999999999964,2.7000000000000455,1.22099999999989,0,0,1,0,1,0
110,1,0,1,0,0.1,0.32,0,0.97,0.02,111,1555984683850,549152,549223,553911,549263,choseTrap,549996,left,0,0,0,0,0,0,0.00164057580727614,0.3183594241927239,0,65,549258,102,105,839,553697,4541,4754,549.152,549.263,549.996,553.697,553.911,552.696,0.8439999999999372,2.7000000000000455,1.2149999999999181,0,1,0,0,0,1
111,1,0,1,0,0.1,0.32,0,0.97,0.02,112,1555984688613,553916,553985,558568,554018,choseTrap,554552,left,0,0,0,0,0,0,0.010785529202533785,0.3092144707974662,0,64,554015,91,93,631,558256,4336,4647,553.916,554.018,554.552,558.256,558.568,557.2520000000001,0.6359999999999673,2.7000000000000455,1.3159999999999172,0,1,0,0,1,0
112,1,0,1,0,0.1,0.32,0,0.97,0.02,113,1555984693274,558576,558645,563693,558678,choseTrap,559114,left,0,0,0,0,0,0,0.024077652090312845,0.2959223479096872,0,64,96,558673,94,533,562819,4239,5113,558.576,558.678,559.114,562.819,563.693,561.8140000000001,0.5380000000000109,2.7000000000000455,1.8789999999999054,0,1,0,0,1,0
113,1,1,0,0,0.1,0.32,0,0.97,0.02,114,1555984698397,563700,563765,568399,563798,choseSwitch,564246,right,0,0,0,0,0,0,0.02698729645832756,0.2930127035416724,0,61,93,563794,90,542,567951,4247,4696,563.7,563.798,564.246,567.951,568.399,566.946,0.5459999999999354,2.7000000000000455,1.4529999999999745,0,0,1,0,1,0
114,2,0,2,0,0.1,0.32,0,0.97,0.02,115,1555984703104,568407,568476,573622,568497,choseTrap,569397,right,0,0,0,0,0,0,0.04609952796697485,0.27390047203302514,0,65,568495,84,85,985,573103,4692,5210,568.407,568.497,569.397,573.103,573.622,572.0970000000001,0.9900000000000091,2.7000000000000455,1.5249999999998636,0,1,0,0,0,1
115,2,0,2,0,0.1,0.32,0,0.97,0.02,116,1555984708327,573630,573694,578131,573726,choseTrap,574311,right,0,0,0,0,0,0,0.06478683066990405,0.255213169330096,0,59,573721,87,90,676,578014,4379,4497,573.63,573.726,574.311,578.014,578.131,577.0110000000001,0.68100000000004,2.7000000000000455,1.1199999999998909,0,1,0,0,1,0
116,2,1,0,0,0.1,0.32,0,0.97,0.02,117,1555984712835,578137,578200,583489,578237,choseSwitch,578616,left,0,1,0,0,0,1,0.0615795888220619,0.2584204111779381,0,58,578233,92,94,475,582319,4178,5348,578.137,578.237,578.616,582.319,583.489,581.316,0.47900000000004184,2.7000000000000455,2.173000000000002,0,0,1,0,1,0
117,1,0,1,0,0.1,0.32,0,0.97,0.02,118,1555984718192,583494,583556,588326,583592,choseTrap,583634,left,0,0,0,0,0,1,0.0699314083252173,0.2500685916747827,0,57,583587,90,92,136,587337,3839,4828,583.494,583.592,583.634,587.337,588.326,586.3340000000001,0.13999999999998636,2.7000000000000455,1.9919999999999618,0,1,0,0,0,1
118,1,0,1,0,0.1,0.32,0,0.97,0.02,119,1555984723032,588334,588398,593216,588428,choseTrap,588913,left,0,0,0,0,0,1,0.08003734019576793,0.2399626598042321,0,60,89,588425,87,574,592616,4278,4879,588.334,588.428,588.913,592.616,593.216,591.613,0.5790000000000646,2.7000000000000455,1.6029999999999518,0,1,0,0,1,0
119,1,0,1,0,0.1,0.32,0,0.97,0.02,120,1555984727920,593222,593287,598008,593312,choseTrap,594070,left,0,0,0,0,0,1,0.06685153229106508,0.2531484677089349,0,60,593310,84,86,845,597773,4547,4782,593.222,593.312,594.07,597.773,598.008,596.7700000000001,0.84800000000007,2.7000000000000455,1.2379999999999427,0,1,0,0,1,0
120,1,1,0,0,0.1,0.32,0,0.97,0.02,121,1555984732711,598014,598079,602379,598114,choseSwitch,598581,right,0,0,0,0,0,1,0.0649179750512499,0.2550820249487501,0,59,598109,91,94,564,602286,4268,4361,598.014,598.114,598.581,602.286,602.379,601.2810000000001,0.5670000000000073,2.7000000000000455,1.0979999999999563,0,0,1,0,1,0
121,2,0,2,2,0.1,0.32,0,0.97,0.02,122,1555984737082,602384,602449,607306,602474,choseTrap,603211,right,0,0,0,0,0,1,0.06779495217399277,0.2522050478260072,0,59,602472,84,86,822,606913,4524,4918,602.384,602.474,603.211,606.913,607.306,605.9110000000001,0.8269999999999982,2.7000000000000455,1.3949999999999818,1,0,0,0,0,1
122,2,0,2,0,0.1,0.32,0,0.97,0.02,123,1555984742011,607314,607377,611664,607407,choseTrap,607881,right,0,0,0,0,0,0,0.06442092612907784,0.25557907387092216,0,58,607401,84,86,560,611581,4263,4345,607.314,607.407,607.881,611.581,611.664,610.581,0.5670000000000073,2.7000000000000455,1.08299999999997,0,1,0,1,0,0
123,2,0,2,0,0.1,0.32,0,0.97,0.02,124,1555984746368,611671,611731,616182,611760,choseTrap,612183,right,1,0,0,0,1,0,0.03827788675199645,0.2817221132480036,0,55,611758,83,85,508,615886,4212,4508,611.671,611.76,612.183,615.886,616.182,614.883,0.5119999999999436,2.7000000000000455,1.2989999999999782,0,1,0,0,1,0
124,2,1,0,0,0.1,0.32,0,0.97,0.02,125,1555984750886,616188,616244,620789,616279,choseSwitch,616915,left,0,0,0,0,1,0,0.06619345413335875,0.25380654586664125,0,53,616276,83,86,723,620618,4426,4598,616.188,616.279,616.915,620.618,620.789,619.615,0.7269999999999754,2.7000000000000455,1.1739999999999782,0,0,1,0,1,0
125,1,0,1,1,0.1,0.32,0,0.97,0.02,126,1555984755491,620794,620848,625623,620875,choseTrap,621284,left,0,0,0,0,1,0,0.0489606574043252,0.2710393425956748,0,48,620872,74,76,485,624986,4188,4825,620.794,620.875,621.284,624.986,625.623,623.984,0.4900000000000091,2.7000000000000455,1.63900000000001,1,0,0,0,0,1
126,1,0,1,0,0.1,0.32,0,0.97,0.02,127,1555984760326,625629,625692,630657,625721,choseTrap,626285,left,0,0,0,0,0,0,0.052544313477008525,0.26745568652299145,0,58,625718,85,87,651,629988,4355,5024,625.629,625.721,626.285,629.988,630.657,628.985,0.6559999999999491,2.7000000000000455,1.6720000000000255,0,1,0,1,0,0
127,1,0,1,0,0.1,0.32,0,0.97,0.02,128,1555984765362,630665,630730,635042,630759,choseTrap,631293,left,0,0,0,0,0,0,0.057434286134130035,0.26256571386587,0,61,630755,85,87,623,634995,4326,4372,630.665,630.759,631.293,634.995,635.042,633.993,0.6280000000000427,2.7000000000000455,1.0489999999999782,0,1,0,0,1,0
128,1,0,1,0,0.1,0.32,0,0.97,0.02,129,1555984769747,635050,635113,640804,635142,choseTrap,636014,left,0,0,0,0,0,0,0.1007400979599559,0.2192599020400441,0,58,85,635137,83,959,639716,4662,5751,635.05,635.142,636.014,639.716,640.804,638.714,0.9640000000000555,2.7000000000000455,2.089999999999918,0,1,0,0,1,0
129,1,1,0,0,0.1,0.32,0,0.97,0.02,130,1555984775510,640813,640876,645907,640903,choseSwitch,641262,right,0,0,0,0,0,0,0.08811762156500473,0.2318823784349953,0,58,640901,83,86,444,644967,4150,5088,640.813,640.903,641.262,644.967,645.907,643.962,0.44899999999995543,2.7000000000000455,1.94500000000005,0,0,1,0,1,0
130,2,0,2,0,0.1,0.32,0,0.97,0.02,131,1555984780608,645911,645977,651499,646004,choseTrap,646609,right,0,0,0,0,0,0,0.09021209244430968,0.22978790755569034,0,62,646001,87,89,693,650311,4396,5583,645.911,646.004,646.609,650.311,651.499,649.3090000000001,0.6980000000000928,2.7000000000000455,2.189999999999941,0,1,0,0,0,1
131,2,0,2,0,0.1,0.32,0,0.97,0.02,132,1555984786202,651505,651565,656251,651592,choseTrap,652074,right,0,0,0,0,0,0,0.101074573288297,0.218925426711703,0,55,651590,81,83,564,655777,4268,4742,651.505,651.592,652.074,655.777,656.251,654.774,0.56899999999996,2.7000000000000455,1.4769999999999754,0,1,0,0,1,0
132,2,0,2,2,0.1,0.32,0,0.97,0.02,133,1555984790954,656256,656337,660950,656374,choseTrap,656973,right,0,1,0,0,0,1,0.13362834225432627,0.1863716577456737,0,73,656369,110,112,713,660675,4415,4690,656.256,656.374,656.973,660.675,660.95,659.673,0.7169999999999845,2.7000000000000455,1.2770000000000437,1,0,0,0,1,0
133,2,0,2,0,0.1,0.32,0,0.97,0.02,134,1555984795655,660957,661020,666302,661048,choseTrap,661364,right,0,0,0,0,0,0,0.15504031631120552,0.1649596836887945,0,58,661045,84,86,401,665070,4109,5340,660.957,661.048,661.364,665.07,666.302,664.0640000000001,0.4070000000000391,2.7000000000000455,2.2379999999999427,0,1,0,1,0,0
